{"cameraMode":{"drawMode":0,"name":"Shaded","section":"Shading Mode"},"sceneLighting":true,"audioPlay":false,"sceneViewState":{"showFog":true,"showMaterialUpdate":false,"showSkybox":true,"showFlares":true,"showImageEffects":true,"showParticleSystems":true},"in2DMode":false,"pivot":{"x":10.627952575683594,"y":0.7118325233459473,"z":14.566459655761719},"rotation":{"x":0.18420402705669404,"y":0.23368430137634278,"z":-0.04513844475150108,"w":0.9536367654800415},"size":10.0,"orthographic":false}